{"graph": {"_type": "graph-file", "path": "media/graph/graph_summary_87c72a80b1313547e232.graph.json", "sha256": "87c72a80b1313547e232ac542485b1a9844f9536fe3bbf36ddc4b9a2d798f031", "size": 1460}, "epoch": 44, "_timestamp": 1649355954, "_runtime": 1255, "loss": 0.30036672949790955, "accuracy": 0.8694969415664673, "f1": 0.8694737553596497, "val_loss": 0.3303547203540802, "val_accuracy": 0.8583601713180542, "val_f1": 0.8523569703102112, "_step": 45, "best_val_loss": 0.32908400893211365, "best_epoch": 34, "confusion_matrix": {"_type": "image-file", "path": "media/images/confusion_matrix_45_ab061cbea72326689e19.png", "sha256": "ab061cbea72326689e19bb6d6eeab0c999b266e3978c2c746dfa9b7305def31e", "size": 22480, "format": "png", "width": 640, "height": 480}, "_wandb": {"runtime": 1255}}