{"graph": {"_type": "graph-file", "path": "media/graph/graph_summary_dd914d3daf425eb3cc68.graph.json", "sha256": "dd914d3daf425eb3cc68945e3ab909274f49dedb1e17bef21e5a8b024809f2a3", "size": 1742}, "epoch": 32, "_timestamp": 1648760529, "_runtime": 494, "loss": 0.14925475418567657, "accuracy": 0.943459153175354, "f1_m": 0.9434573650360107, "val_loss": 0.2678350806236267, "val_accuracy": 0.9157628417015076, "val_f1_m": 0.915797770023346, "_step": 32, "best_val_loss": 0.2516863942146301, "best_epoch": 22, "_wandb": {"runtime": 498}}