{"graph": {"_type": "graph-file", "path": "media/graph/graph_summary_78a970a673df3fc40dc6.graph.json", "sha256": "78a970a673df3fc40dc606a6d61e4539d92e9d5e1c4367131ae836debbaeddc8", "size": 1274}, "epoch": 71, "_timestamp": 1648754031, "_runtime": 2166, "loss": 0.153769850730896, "accuracy": 0.9378753304481506, "f1_m": 0.9378778338432312, "val_loss": 0.21523703634738922, "val_accuracy": 0.9186550974845886, "val_f1_m": 0.9187138080596924, "_step": 71, "best_val_loss": 0.20901843905448914, "best_epoch": 61, "_wandb": {"runtime": 2170}}