{"graph": {"_type": "graph-file", "path": "media/graph/graph_summary_b59b4b60a242a3b66de1.graph.json", "sha256": "b59b4b60a242a3b66de1f510628d5b16f2c92cc74c1c393ccde6c67b321dfcce", "size": 1265}, "epoch": 15, "_timestamp": 1648759215, "_runtime": 231, "loss": 0.030462149530649185, "accuracy": 0.991744875907898, "f1_m": 0.9917460680007935, "val_loss": 0.023319805040955544, "val_accuracy": 0.9939013123512268, "val_f1_m": 0.9939337968826294, "_step": 15, "best_val_loss": 0.023319805040955544, "best_epoch": 15, "_wandb": {"runtime": 233}}