{"graph": {"_type": "graph-file", "path": "media/graph/graph_summary_500bc1fd83bc1622073a.graph.json", "sha256": "500bc1fd83bc1622073a22dae0e646803f0a654665ab2bc4da790453e9b5c385", "size": 1593}, "epoch": 25, "_timestamp": 1648759665, "_runtime": 296, "loss": 0.0774361714720726, "accuracy": 0.9723802208900452, "f1_m": 0.8765868544578552, "val_loss": 0.09488769620656967, "val_accuracy": 0.968212902545929, "val_f1_m": 0.9290869235992432, "_step": 25, "best_val_loss": 0.07010135054588318, "best_epoch": 15, "_wandb": {"runtime": 297}}